Dataset;k;accuracy;weights
bupa;3;79.4619;[0.143938, 0.185863, 0.232877, 0, 0.165311, 0, 0.272011]
sonar;3;88.4921;[0.0176983, 0, 0.432119, 0, 0.289693, 0.0316333, 0.228856]
ionosphere;3;92.3241;[0, 0, 0.182321, 0, 0, 0, 0.817679]
ThoraricSurgery;3;84.8936;[0, 0.419308, 0.135423, 0.272286, 0, 0, 0.172984]
pima;3;84.3813;[0.300154, 0.0389681, 0.167947, 0.013349, 0.185488, 0, 0.294094]
vehicle;3;80.5517;[0, 0, 0.366112, 0, 0, 0, 0.633888]
wdbc;3;96.4795;[0.049971, 0, 0.162799, 0, 0.136089, 0.00107911, 0.650062]
biodegradation;3;89.7609;[0.180704, 0, 0.0526062, 0.0661344, 0, 0.0586124, 0.641943]
seismic-bumps;3;93.4207;[0.0709872, 0, 0.126397, 0, 0, 0.519233, 0.283382]
