Dataset;k;accuracy;weights
bupa;7;77.6857;[0.269355, 0.136642, 0.281774, 0, 0.0738443, 0, 0.238385]
sonar;7;83.1825;[0.230473, 0, 0.298209, 0.0231363, 0.178778, 0, 0.269404]
ThoraricSurgery;7;85.1064;[0, 1, 0, 0, 0, 0, 0]
ionosphere;7;90.3333;[0, 0.0464482, 0.0288166, 0, 0, 0, 0.924735]
pima;7;80.6033;[0.24496, 0.00751038, 0.249362, 0.0594054, 0.0480976, 0, 0.390665]
vehicle;7;77.4357;[0, 0, 0.224715, 0, 0, 0, 0.775285]
wdbc;7;96.3051;[0.104151, 0.00399651, 0.193303, 0, 0.125501, 0, 0.573048]
biodegradation;7;86.7299;[0.203196, 0, 0.0182129, 0.0461216, 0.0615743, 0, 0.670896]
seismic-bumps;7;93.4207;[0.0187993, 0, 0.124321, 0, 0.5089, 0, 0.34798]
