sep=;
Dataset;k;Accuracy;Individual accs
vehicle;7;0.441163;[0.648133, 0.252852, 0.658463, 0.25801, 0.660313, 0.257771, 0.690827]
vehicle;5;0.450220;[0.654089, 0.252158, 0.667991, 0.25801, 0.652923, 0.257936, 0.678973]
vehicle;3;0.457028;[0.648966, 0.244906, 0.676421, 0.25801, 0.625165, 0.256447, 0.678521]
